Workbook

Sheet الموصّلون
A1: 🚴 إدارة الموصّلين — نظام التوصيل
A2: آخر تحديث: 2026/04/12
A3: # | B3: اسم الموصّل | C3: رقم الجوال | D3: المنطقة | E3: الحالة | F3: طلبات اليوم | G3: طلبات الشهر | H3: التقييم | I3: تاريخ الانضمام | J3: ملاحظات
A4: 1 | B4: محمد العمري | C4: 0501234567 | D4: الشمال | E4: متاح | F4: =COUNTIFS(الطلبات!C:C,B4,الطلبات!A:A,TODAY()) -> 0 | G4: =COUNTIFS(الطلبات!C:C,B4,الطلبات!A:A,">="&DATE(YEAR(TODAY()),MONTH(TODAY()),1)) -> 4 | H4: 4.8 | I4: 2024/01/15
A5: 2 | B5: خالد السالم | C5: 0509876543 | D5: الجنوب | E5: متاح | F5: =COUNTIFS(الطلبات!C:C,B5,الطلبات!A:A,TODAY()) -> 0 | G5: =COUNTIFS(الطلبات!C:C,B5,الطلبات!A:A,">="&DATE(YEAR(TODAY()),MONTH(TODAY()),1)) -> 4 | H5: 4.6 | I5: 2024/02/01
A6: 3 | B6: عبدالله الزهراني | C6: 0555111222 | D6: الوسط | E6: مشغول | F6: =COUNTIFS(الطلبات!C:C,B6,الطلبات!A:A,TODAY()) -> 1 | G6: =COUNTIFS(الطلبات!C:C,B6,الطلبات!A:A,">="&DATE(YEAR(TODAY()),MONTH(TODAY()),1)) -> 4 | H6: 4.9 | I6: 2024/01/20
A7: 4 | B7: سعد القحطاني | C7: 0544333444 | D7: الشرق | E7: متاح | F7: =COUNTIFS(الطلبات!C:C,B7,الطلبات!A:A,TODAY()) -> 2 | G7: =COUNTIFS(الطلبات!C:C,B7,الطلبات!A:A,">="&DATE(YEAR(TODAY()),MONTH(TODAY()),1)) -> 3 | H7: 4.7 | I7: 2024/03/10

Sheet الطلبات
A1: 📦 سجل الطلبات الكامل
A2: يتم تحديث هذا الجدول تلقائياً عبر n8n — لا تعدّل يدوياً إلا عند الضرورة
A3: التاريخ | B3: رقم الطلب | C3: اسم الموصّل | D3: اسم العميل | E3: رقم العميل | F3: المنطقة | G3: تفاصيل الطلب | H3: سعر التوصيل | I3: الحالة | J3: وقت الاستلام | K3: وقت التسليم | L3: المدة (دقيقة) | M3: تقييم العميل | N3: ملاحظات
A4: 46124 | B4: ORD-1001 | C4: عبدالله الزهراني | D4: فاطمة علي | E4: 0502222222 | F4: الجنوب | G4: طلب توصيل | H4: 10 | I4: مكتمل | J4: 011:30 | K4: 012:30 | L4: =IF(AND(J4<>"",K4<>""),(TIMEVALUE(K4)-TIMEVALUE(J4))*1440,"") -> 60 | M4: 4
A5: 46122 | B5: ORD-1002 | C5: خالد السالم | D5: نورة سعد | E5: 0504444444 | F5: الشرق | G5: طلب توصيل | H5: 10 | I5: مكتمل | J5: 011:45 | K5: 010:45 | L5: =IF(AND(J5<>"",K5<>""),(TIMEVALUE(K5)-TIMEVALUE(J5))*1440,"") -> -60 | M5: 4
A6: 46124 | B6: ORD-1003 | C6: سعد القحطاني | D6: فاطمة علي | E6: 0502222222 | F6: الوسط | G6: طلب توصيل | H6: 15 | I6: ملغي | J6: 011:15 | K6: 012:15 | L6: =IF(AND(J6<>"",K6<>""),(TIMEVALUE(K6)-TIMEVALUE(J6))*1440,"") -> 60 | M6: 5
A7: 46120 | B7: ORD-1004 | C7: محمد العمري | D7: عمر خالد | E7: 0503333333 | F7: الوسط | G7: طلب توصيل | H7: 15 | I7: مكتمل | J7: 08:00 | K7: 012:30 | L7: =IF(AND(J7<>"",K7<>""),(TIMEVALUE(K7)-TIMEVALUE(J7))*1440,"") -> 270 | M7: 3
A8: 46124 | B8: ORD-1005 | C8: سعد القحطاني | D8: نورة سعد | E8: 0504444444 | F8: الشرق | G8: طلب توصيل | H8: 10 | I8: ملغي | J8: 09:15 | K8: 011:45 | L8: =IF(AND(J8<>"",K8<>""),(TIMEVALUE(K8)-TIMEVALUE(J8))*1440,"") -> 150 | M8: 4
A9: 46123 | B9: ORD-1006 | C9: سعد القحطاني | D9: عمر خالد | E9: 0503333333 | F9: الوسط | G9: طلب توصيل | H9: 15 | I9: مكتمل | J9: 09:00 | K9: 011:15 | L9: =IF(AND(J9<>"",K9<>""),(TIMEVALUE(K9)-TIMEVALUE(J9))*1440,"") -> 135 | M9: 3
A10: 46118 | B10: ORD-1007 | C10: محمد العمري | D10: يوسف طه | E10: 0505555555 | F10: الجنوب | G10: طلب توصيل | H10: 15 | I10: ملغي | J10: 09:30 | K10: 011:45 | L10: =IF(AND(J10<>"",K10<>""),(TIMEVALUE(K10)-TIMEVALUE(J10))*1440,"") -> 135 | M10: 5
A11: 46122 | B11: ORD-1008 | C11: عبدالله الزهراني | D11: أحمد محمد | E11: 0501111111 | F11: الجنوب | G11: طلب توصيل | H11: 10 | I11: مكتمل | J11: 011:45 | K11: 012:30 | L11: =IF(AND(J11<>"",K11<>""),(TIMEVALUE(K11)-TIMEVALUE(J11))*1440,"") -> 45 | M11: 5
A12: 46121 | B12: ORD-1009 | C12: محمد العمري | D12: يوسف طه | E12: 0505555555 | F12: الشرق | G12: طلب توصيل | H12: 20 | I12: ملغي | J12: 010:30 | K12: 012:30 | L12: =IF(AND(J12<>"",K12<>""),(TIMEVALUE(K12)-TIMEVALUE(J12))*1440,"") -> 120 | M12: 3
A13: 46123 | B13: ORD-1010 | C13: خالد السالم | D13: عمر خالد | E13: 0503333333 | F13: الشمال | G13: طلب توصيل | H13: 15 | I13: ملغي | J13: 08:45 | K13: 012:45 | L13: =IF(AND(J13<>"",K13<>""),(TIMEVALUE(K13)-TIMEVALUE(J13))*1440,"") -> 240 | M13: 3
A14: 46119 | B14: ORD-1011 | C14: عبدالله الزهراني | D14: أحمد محمد | E14: 0501111111 | F14: الشرق | G14: طلب توصيل | H14: 20 | I14: مكتمل | J14: 010:30 | K14: 013:30 | L14: =IF(AND(J14<>"",K14<>""),(TIMEVALUE(K14)-TIMEVALUE(J14))*1440,"") -> 180 | M14: 5
A15: 46121 | B15: ORD-1012 | C15: عبدالله الزهراني | D15: فاطمة علي | E15: 0502222222 | F15: الجنوب | G15: طلب توصيل | H15: 15 | I15: قيد التوصيل | J15: 010:00 | K15: 09:30 | L15: =IF(AND(J15<>"",K15<>""),(TIMEVALUE(K15)-TIMEVALUE(J15))*1440,"") -> -30 | M15: 3
... A18: 46120 | B18: ORD-1015 | C18: محمد العمري | D18: عمر خالد | E18: 0503333333 | F18: الوسط | G18: طلب توصيل | H18: 10 | I18: مكتمل | J18: 010:30 | K18: 012:45 | L18: =IF(AND(J18<>"",K18<>""),(TIMEVALUE(K18)-TIMEVALUE(J18))*1440,"") -> 135 | M18: 3

Sheet العملاء
A1: 👥 قاعدة بيانات العملاء
A2: # | B2: اسم العميل | C2: رقم الجوال | D2: المنطقة / الحي | E2: إجمالي الطلبات | F2: آخر طلب | G2: إجمالي الإنفاق | H2: الحالة | I2: ملاحظات
A3: 1 | B3: أحمد محمد | C3: 0501111111 | D3: الشرق | E3: =COUNTIF(الطلبات!D:D,B3) -> 2 | F3: =IFERROR(maxifs(الطلبات!A:A,الطلبات!D:D,B3),"") | G3: =SUMIF(الطلبات!D:D,B3,الطلبات!H:H) -> 30 | H3: نشط
A4: 2 | B4: فاطمة علي | C4: 0502222222 | D4: الوسط | E4: =COUNTIF(الطلبات!D:D,B4) -> 4 | F4: =IFERROR(maxifs(الطلبات!A:A,الطلبات!D:D,B4),"") | G4: =SUMIF(الطلبات!D:D,B4,الطلبات!H:H) -> 55 | H4: نشط
A5: 3 | B5: عمر خالد | C5: 0503333333 | D5: الشمال | E5: =COUNTIF(الطلبات!D:D,B5) -> 5 | F5: =IFERROR(maxifs(الطلبات!A:A,الطلبات!D:D,B5),"") | G5: =SUMIF(الطلبات!D:D,B5,الطلبات!H:H) -> 75 | H5: نشط
A6: 4 | B6: نورة سعد | C6: 0504444444 | D6: الشمال | E6: =COUNTIF(الطلبات!D:D,B6) -> 2 | F6: =IFERROR(maxifs(الطلبات!A:A,الطلبات!D:D,B6),"") | G6: =SUMIF(الطلبات!D:D,B6,الطلبات!H:H) -> 20 | H6: نشط
A7: 5 | B7: يوسف طه | C7: 0505555555 | D7: الشرق | E7: =COUNTIF(الطلبات!D:D,B7) -> 2 | F7: =IFERROR(maxifs(الطلبات!A:A,الطلبات!D:D,B7),"") | G7: =SUMIF(الطلبات!D:D,B7,الطلبات!H:H) -> 35 | H7: نشط

Sheet التقرير اليومي
A1: 📊 التقرير اليومي
B3: إجمالي طلبات اليوم | D3: طلبات مكتملة اليوم | F3: طلبات ملغاة اليوم | H3: إيرادات اليوم (ر.س)
B5: =COUNTIF(الطلبات!A:A,TODAY()) -> 3 | D5: =COUNTIFS(الطلبات!A:A,TODAY(),الطلبات!I:I,"مكتمل") -> 1 | F5: =COUNTIFS(الطلبات!A:A,TODAY(),الطلبات!I:I,"ملغي") -> 2 | H5: =SUMIFS(الطلبات!H:H,الطلبات!A:A,TODAY(),الطلبات!I:I,"مكتمل") -> 10
A8: أداء الموصّلين اليوم
A9: الموصّل | B9: طلبات اليوم | C9: مكتملة | D9: ملغاة | E9: متوسط الوقت (د) | F9: الإيرادات | G9: نسبة الإنجاز | H9: الحالة
A10: محمد العمري | B10: =COUNTIFS(الطلبات!C:C,A10,الطلبات!A:A,TODAY()) -> 0 | C10: =COUNTIFS(الطلبات!C:C,A10,الطلبات!A:A,TODAY(),الطلبات!I:I,"مكتمل") -> 0 | D10: =COUNTIFS(الطلبات!C:C,A10,الطلبات!A:A,TODAY(),الطلبات!I:I,"ملغي") -> 0 | E10: =IFERROR(AVERAGEIFS(الطلبات!L:L,الطلبات!C:C,A10,الطلبات!A:A,TODAY()),0) -> 0 | F10: =SUMIFS(الطلبات!H:H,الطلبات!C:C,A10,الطلبات!A:A,TODAY(),الطلبات!I:I,"مكتمل") -> 0 | G10: =IFERROR(C10/B10,0) -> 0 | H10: =VLOOKUP(A10,الموصّلون!B:E,4,0) -> متاح
A11: خالد السالم | B11: =COUNTIFS(الطلبات!C:C,A11,الطلبات!A:A,TODAY()) -> 0 | C11: =COUNTIFS(الطلبات!C:C,A11,الطلبات!A:A,TODAY(),الطلبات!I:I,"مكتمل") -> 0 | D11: =COUNTIFS(الطلبات!C:C,A11,الطلبات!A:A,TODAY(),الطلبات!I:I,"ملغي") -> 0 | E11: =IFERROR(AVERAGEIFS(الطلبات!L:L,الطلبات!C:C,A11,الطلبات!A:A,TODAY()),0) -> 0 | F11: =SUMIFS(الطلبات!H:H,الطلبات!C:C,A11,الطلبات!A:A,TODAY(),الطلبات!I:I,"مكتمل") -> 0 | G11: =IFERROR(C11/B11,0) -> 0 | H11: =VLOOKUP(A11,الموصّلون!B:E,4,0) -> متاح
A12: عبدالله الزهراني | B12: =COUNTIFS(الطلبات!C:C,A12,الطلبات!A:A,TODAY()) -> 1 | C12: =COUNTIFS(الطلبات!C:C,A12,الطلبات!A:A,TODAY(),الطلبات!I:I,"مكتمل") -> 1 | D12: =COUNTIFS(الطلبات!C:C,A12,الطلبات!A:A,TODAY(),الطلبات!I:I,"ملغي") -> 0 | E12: =IFERROR(AVERAGEIFS(الطلبات!L:L,الطلبات!C:C,A12,الطلبات!A:A,TODAY()),0) -> 60 | F12: =SUMIFS(الطلبات!H:H,الطلبات!C:C,A12,الطلبات!A:A,TODAY(),الطلبات!I:I,"مكتمل") -> 10 | G12: =IFERROR(C12/B12,0) -> 1 | H12: =VLOOKUP(A12,الموصّلون!B:E,4,0) -> مشغول
A13: سعد القحطاني | B13: =COUNTIFS(الطلبات!C:C,A13,الطلبات!A:A,TODAY()) -> 2 | C13: =COUNTIFS(الطلبات!C:C,A13,الطلبات!A:A,TODAY(),الطلبات!I:I,"مكتمل") -> 0 | D13: =COUNTIFS(الطلبات!C:C,A13,الطلبات!A:A,TODAY(),الطلبات!I:I,"ملغي") -> 2 | E13: =IFERROR(AVERAGEIFS(الطلبات!L:L,الطلبات!C:C,A13,الطلبات!A:A,TODAY()),0) -> 105 | F13: =SUMIFS(الطلبات!H:H,الطلبات!C:C,A13,الطلبات!A:A,TODAY(),الطلبات!I:I,"مكتمل") -> 0 | G13: =IFERROR(C13/B13,0) -> 0 | H13: =VLOOKUP(A13,الموصّلون!B:E,4,0) -> متاح

Sheet التقرير الشهري
A1: 📈 التقرير الشهري — ملخص الأداء
A2: الشهر: | D2: =TEXT(TODAY(),"MMMM YYYY") -> April 2026
A4: مؤشرات الأداء الشهرية
A5: إجمالي الطلبات | B5: =COUNTIFS(الطلبات!A:A,">="&DATE(YEAR(TODAY()),MONTH(TODAY()),1)) -> 15
A6: الطلبات المكتملة | B6: =COUNTIFS(الطلبات!A:A,">="&DATE(YEAR(TODAY()),MONTH(TODAY()),1),الطلبات!I:I,"مكتمل") -> 9
A7: الطلبات الملغاة | B7: =COUNTIFS(الطلبات!A:A,">="&DATE(YEAR(TODAY()),MONTH(TODAY()),1),الطلبات!I:I,"ملغي") -> 5
A8: إجمالي الإيرادات | B8: =SUMIFS(الطلبات!H:H,الطلبات!A:A,">="&DATE(YEAR(TODAY()),MONTH(TODAY()),1),الطلبات!I:I,"مكتمل") -> 125
A9: متوسط طلبات/يوم | B9: =IFERROR(COUNTIFS(الطلبات!A:A,">="&DATE(YEAR(TODAY()),MONTH(TODAY()),1))/DAY(TODAY()),0) -> 1.25
A10: نسبة الإنجاز | B10: =IFERROR(B5/B4,0) -> 0
A12: مقارنة أداء الموصّلين — الشهر الحالي
A13: الموصّل | B13: إجمالي الطلبات | C13: مكتمل | D13: ملغي | E13: الإيرادات | F13: نسبة الإنجاز | G13: متوسط الوقت | H13: التقييم | I13: الترتيب
A14: محمد العمري | B14: =COUNTIFS(الطلبات!C:C,A14,الطلبات!A:A,">="&DATE(YEAR(TODAY()),MONTH(TODAY()),1)) -> 4 | C14: =COUNTIFS(الطلبات!C:C,A14,الطلبات!A:A,">="&DATE(YEAR(TODAY()),MONTH(TODAY()),1),الطلبات!I:I,"مكتمل") -> 2 | D14: =COUNTIFS(الطلبات!C:C,A14,الطلبات!A:A,">="&DATE(YEAR(TODAY()),MONTH(TODAY()),1),الطلبات!I:I,"ملغي") -> 2 | E14: =SUMIFS(الطلبات!H:H,الطلبات!C:C,A14,الطلبات!A:A,">="&DATE(YEAR(TODAY()),MONTH(TODAY()),1),الطلبات!I:I,"مكتمل") -> 25 | F14: =IFERROR(C14/B14,0) -> 0.5 | G14: =IFERROR(AVERAGEIFS(الطلبات!L:L,الطلبات!C:C,A14,الطلبات!A:A,">="&DATE(YEAR(TODAY()),MONTH(TODAY()),1)),0) -> 165 | H14: =IFERROR(AVERAGEIFS(الطلبات!M:M,الطلبات!C:C,A14),0) -> 3.5 | I14: =RANK(B14,B14:B17,0) -> 1
A15: خالد السالم | B15: =COUNTIFS(الطلبات!C:C,A15,الطلبات!A:A,">="&DATE(YEAR(TODAY()),MONTH(TODAY()),1)) -> 4 | C15: =COUNTIFS(الطلبات!C:C,A15,الطلبات!A:A,">="&DATE(YEAR(TODAY()),MONTH(TODAY()),1),الطلبات!I:I,"مكتمل") -> 3 | D15: =COUNTIFS(الطلبات!C:C,A15,الطلبات!A:A,">="&DATE(YEAR(TODAY()),MONTH(TODAY()),1),الطلبات!I:I,"ملغي") -> 1 | E15: =SUMIFS(الطلبات!H:H,الطلبات!C:C,A15,الطلبات!A:A,">="&DATE(YEAR(TODAY()),MONTH(TODAY()),1),الطلبات!I:I,"مكتمل") -> 45 | F15: =IFERROR(C15/B15,0) -> 0.75 | G15: =IFERROR(AVERAGEIFS(الطلبات!L:L,الطلبات!C:C,A15,الطلبات!A:A,">="&DATE(YEAR(TODAY()),MONTH(TODAY()),1)),0) -> 97.5 | H15: =IFERROR(AVERAGEIFS(الطلبات!M:M,الطلبات!C:C,A15),0) -> 3.75 | I15: =RANK(B15,B14:B17,0) -> 1
A16: عبدالله الزهراني | B16: =COUNTIFS(الطلبات!C:C,A16,الطلبات!A:A,">="&DATE(YEAR(TODAY()),MONTH(TODAY()),1)) -> 4 | C16: =COUNTIFS(الطلبات!C:C,A16,الطلبات!A:A,">="&DATE(YEAR(TODAY()),MONTH(TODAY()),1),الطلبات!I:I,"مكتمل") -> 3 | D16: =COUNTIFS(الطلبات!C:C,A16,الطلبات!A:A,">="&DATE(YEAR(TODAY()),MONTH(TODAY()),1),الطلبات!I:I,"ملغي") -> 0 | E16: =SUMIFS(الطلبات!H:H,الطلبات!C:C,A16,الطلبات!A:A,">="&DATE(YEAR(TODAY()),MONTH(TODAY()),1),الطلبات!I:I,"مكتمل") -> 40 | F16: =IFERROR(C16/B16,0) -> 0.75 | G16: =IFERROR(AVERAGEIFS(الطلبات!L:L,الطلبات!C:C,A16,الطلبات!A:A,">="&DATE(YEAR(TODAY()),MONTH(TODAY()),1)),0) -> 63.75 | H16: =IFERROR(AVERAGEIFS(الطلبات!M:M,الطلبات!C:C,A16),0) -> 4.25 | I16: =RANK(B16,B14:B17,0) -> 1
A17: سعد القحطاني | B17: =COUNTIFS(الطلبات!C:C,A17,الطلبات!A:A,">="&DATE(YEAR(TODAY()),MONTH(TODAY()),1)) -> 3 | C17: =COUNTIFS(الطلبات!C:C,A17,الطلبات!A:A,">="&DATE(YEAR(TODAY()),MONTH(TODAY()),1),الطلبات!I:I,"مكتمل") -> 1 | D17: =COUNTIFS(الطلبات!C:C,A17,الطلبات!A:A,">="&DATE(YEAR(TODAY()),MONTH(TODAY()),1),الطلبات!I:I,"ملغي") -> 2 | E17: =SUMIFS(الطلبات!H:H,الطلبات!C:C,A17,الطلبات!A:A,">="&DATE(YEAR(TODAY()),MONTH(TODAY()),1),الطلبات!I:I,"مكتمل") -> 15 | F17: =IFERROR(C17/B17,0) -> 0.33333333 | G17: =IFERROR(AVERAGEIFS(الطلبات!L:L,الطلبات!C:C,A17,الطلبات!A:A,">="&DATE(YEAR(TODAY()),MONTH(TODAY()),1)),0) -> 115 | H17: =IFERROR(AVERAGEIFS(الطلبات!M:M,الطلبات!C:C,A17),0) -> 4 | I17: =RANK(B17,B14:B17,0) -> 4

Sheet الإعدادات
A1: ⚙️ إعدادات النظام
A2: أسعار التوصيل
A3: المنطقة | B3: السعر (ر.س) | C3: الحد الأدنى للطلب | D3: ملاحظات
A4: الشمال | B4: 15 | C4: 0
A5: الجنوب | B5: 10 | C5: 0
A6: الوسط | B6: 15 | C6: 0
A7: الشرق | B7: 20 | C7: 0
A9: إعدادات العمل
A10: بداية الدوام | B10: 08:00
A11: نهاية الدوام | B11: 22:00
A12: الحد الأقصى للطلبات/موصّل | B12: 25
A13: رسوم الطلب الإضافي (ر.س) | B13: 5
